İlçe,Harita İlçe-Mahalle,2023 Nüfus
Adalar,Adalar Burgazada,1654
Adalar,Adalar Maden,4845
Adalar,Adalar Nizam,3753
Adalar,Adalar Heybeliada,4057
Adalar,Adalar Kınalıada,2016
Arnavutköy,Arnavutköy Arnavutköy Merkez,22758
Arnavutköy,Arnavutköy İslambey,26182
Arnavutköy,Arnavutköy Yavuz Selim,12938
Arnavutköy,Arnavutköy İmrahor,11976
Arnavutköy,Arnavutköy Atatürk,10235
Arnavutköy,Arnavutköy Boğazköy İstiklal,12696
Arnavutköy,Arnavutköy Yunus Emre,19820
Arnavutköy,Arnavutköy Mavigöl,10033
Arnavutköy,Arnavutköy Hicret,4034
Arnavutköy,Arnavutköy Bolluca,8308
Arnavutköy,Arnavutköy Karlıbayır,10734
Arnavutköy,Arnavutköy Haraççı,11196
Arnavutköy,Arnavutköy Adnan Menderes,4641
Arnavutköy,Arnavutköy Mehmet Akif Ersoy,7045
Arnavutköy,Arnavutköy Taşoluk,9589
Arnavutköy,Arnavutköy Mareşal Fevzi Çakmak,6745
Arnavutköy,Arnavutköy Çilingir,1175
Arnavutköy,Arnavutköy Fatih,3948
Arnavutköy,Arnavutköy Ömerli,7562
Arnavutköy,Arnavutköy Sazlıbosna,1079
Arnavutköy,Arnavutköy Yeşilbayır,636
Arnavutköy,Arnavutköy Deliklikaya,8550
Arnavutköy,Arnavutköy Dursunköy,437
Arnavutköy,Arnavutköy Hastane,10538
Arnavutköy,Arnavutköy Hadımköy,26843
Arnavutköy,Arnavutköy Terkos,929
Arnavutköy,Arnavutköy Durusu,759
Arnavutköy,Arnavutköy Nenehatun,10783
Arnavutköy,Arnavutköy Mustafa Kemal Paşa,16840
Arnavutköy,Arnavutköy Anadolu,46624
Arnavutköy,Arnavutköy Hacımaşlı,675
Arnavutköy,Arnavutköy Tayakadın,3533
Arnavutköy,Arnavutköy Yeniköy,1529
Arnavutköy,Arnavutköy Baklalı,893
Arnavutköy,Arnavutköy Balaban,467
Arnavutköy,Arnavutköy Boyalık,764
Arnavutköy,Arnavutköy Karaburun,1888
Arnavutköy,Arnavutköy Yassıören,680
Ataşehir,Ataşehir Yenisahra,9487
Ataşehir,Ataşehir Barbaros,30735
Ataşehir,Ataşehir İçerenköy,70689
Ataşehir,Ataşehir Küçükbakkalköy,29259
Ataşehir,Ataşehir Kayışdağı,42425
Ataşehir,Ataşehir İnönü,31497
Ataşehir,Ataşehir Ferhatpaşa,20543
Ataşehir,Ataşehir Mustafa Kemal,13970
Ataşehir,Ataşehir Yeni Çamlıca,12833
Ataşehir,Ataşehir Esatpaşa,32602
Ataşehir,Ataşehir Fetih,11578
Ataşehir,Ataşehir Örnek,27072
Ataşehir,Ataşehir Aşıkveysel,12955
Ataşehir,Ataşehir Mevlana,17727
Ataşehir,Ataşehir Yenişehir,10674
Ataşehir,Ataşehir Mimar Sinan,9614
Ataşehir,Ataşehir Atatürk,32869
Avcılar,Avcılar Merkez,26898
Avcılar,Avcılar Ambarlı,33807
Avcılar,Avcılar Denizköşkler,40179
Avcılar,Avcılar Cihangir,61128
Avcılar,Avcılar Üniversite,27065
Avcılar,Avcılar Mustafa Kemalpaşa,45784
Avcılar,Avcılar Gümüşpala,36638
Avcılar,Avcılar Firuzköy,23919
Avcılar,Avcılar Yeşilkent,76042
Avcılar,Avcılar Tahtakale,65761
Bağcılar,Bağcılar Bağlar,17086
Bağcılar,Bağcılar Hürriyet,25567
Bağcılar,Bağcılar Barbaros,20349
Bağcılar,Bağcılar Kazım Karabekir,26879
Bağcılar,Bağcılar İnönü,22920
Bağcılar,Bağcılar Yıldıztepe,36402
Bağcılar,Bağcılar Yenigün,21166
Bağcılar,Bağcılar Merkez,27049
Bağcılar,Bağcılar Çınar,33398
Bağcılar,Bağcılar Sancaktepe,19260
Bağcılar,Bağcılar Yavuz Selim,27473
Bağcılar,Bağcılar Kirazlı,39340
Bağcılar,Bağcılar Yenimahalle,34138
Bağcılar,Bağcılar Güneşli,45518
Bağcılar,Bağcılar 15 Temmuz Mahallesi,50298
Bağcılar,Bağcılar Mahmutbey,25680
Bağcılar,Bağcılar Demirkapı,53791
Bağcılar,Bağcılar Fatih,41062
Bağcılar,Bağcılar Fevzi Çakmak,32703
Bağcılar,Bağcılar Kemalpaşa,32198
Bağcılar,Bağcılar Göztepe,40790
Bağcılar,Bağcılar 100. Yıl,46004
Bahçelievler,Bahçelievler Bahçelievler,57986
Bahçelievler,Bahçelievler Şirinevler,54808
Bahçelievler,Bahçelievler Siyavuşpaşa,61139
Bahçelievler,Bahçelievler Soğanlı,66182
Bahçelievler,Bahçelievler Cumhuriyet,39241
Bahçelievler,Bahçelievler Kocasinan Merkez,70612
Bahçelievler,Bahçelievler Yenibosna Merkez,36071
Bahçelievler,Bahçelievler Çobançeşme,31473
Bahçelievler,Bahçelievler Fevzi Çakmak,23814
Bahçelievler,Bahçelievler Zafer,80897
Bahçelievler,Bahçelievler Hürriyet,45625
Bakırköy,Bakırköy Osmaniye,22718
Bakırköy,Bakırköy Yeşilköy,24941
Bakırköy,Bakırköy Yenimahalle,6329
Bakırköy,Bakırköy Sakızağacı,8623
Bakırköy,Bakırköy Cevizlik,5108
Bakırköy,Bakırköy Zeytinlik,5146
Bakırköy,Bakırköy Ataköy 2-5-6. Kısım,14094
Bakırköy,Bakırköy Yeşilyurt,8262
Bakırköy,Bakırköy Ataköy 7-8-9-10. Kısım,26669
Bakırköy,Bakırköy Kartaltepe,34831
Bakırköy,Bakırköy Zuhuratbaba,20290
Bakırköy,Bakırköy Şenlikköy,28000
Bakırköy,Bakırköy Basınköy,6022
Bakırköy,Bakırköy Ataköy 3-4-11. Kısım,7809
Bakırköy,Bakırköy Ataköy 1. Kısım,1634
Bakırköy,Bakırköy Yeşilköy,24941
Başakşehir,Başakşehir Başak,70758
Başakşehir,Başakşehir Başakşehir,71096
Başakşehir,Başakşehir Kayabaşı,108455
Başakşehir,Başakşehir Şahintepe,32254
Başakşehir,Başakşehir Ziya Gökalp,29997
Başakşehir,Başakşehir Güvercintepe,74234
Başakşehir,Başakşehir Altınşehir,24901
Başakşehir,Başakşehir Bahçeşehir 1. Kısım,36693
Başakşehir,Başakşehir Bahçeşehir 2. Kısım,60171
Başakşehir,Başakşehir Ziya Gökalp,29997
Başakşehir,Başakşehir Şamlar,1262
Bayrampaşa,Bayrampaşa Cevatpaşa,18485
Bayrampaşa,Bayrampaşa Orta,15037
Bayrampaşa,Bayrampaşa Vatan,9207
Bayrampaşa,Bayrampaşa Terazidere,15345
Bayrampaşa,Bayrampaşa Altıntepsi,28989
Bayrampaşa,Bayrampaşa Yenidoğan,17867
Bayrampaşa,Bayrampaşa İsmet Paşa,14782
Bayrampaşa,Bayrampaşa Yıldırım,52231
Bayrampaşa,Bayrampaşa Kartaltepe,43195
Bayrampaşa,Bayrampaşa Kocatepe,20499
Bayrampaşa,Bayrampaşa Muratpaşa,33213
Beşiktaş,Beşiktaş Vişnezade,7959
Beşiktaş,Beşiktaş Sinanpaşa,2145
Beşiktaş,Beşiktaş Muradiye,4559
Beşiktaş,Beşiktaş Cihannüma,3490
Beşiktaş,Beşiktaş Türkali,9696
Beşiktaş,Beşiktaş Abbasağa,4379
Beşiktaş,Beşiktaş Yıldız,4812
Beşiktaş,Beşiktaş Dikilitaş,15149
Beşiktaş,Beşiktaş Gayrettepe,12858
Beşiktaş,Beşiktaş Balmumcu,2947
Beşiktaş,Beşiktaş Mecidiye,9810
Beşiktaş,Beşiktaş Ortaköy,9077
Beşiktaş,Beşiktaş Levazım,5955
Beşiktaş,Beşiktaş Ulus,6834
Beşiktaş,Beşiktaş Kuruçeşme,2771
Beşiktaş,Beşiktaş Kültür,4489
Beşiktaş,Beşiktaş Nisbetiye,11235
Beşiktaş,Beşiktaş Arnavutköy,3435
Beşiktaş,Beşiktaş Bebek,5378
Beşiktaş,Beşiktaş Etiler,10541
Beşiktaş,Beşiktaş Akat,12779
Beşiktaş,Beşiktaş Levent,2794
Beşiktaş,Beşiktaş Konaklar,15930
Beykoz,Beykoz Gümüşsuyu,13210
Beykoz,Beykoz İncirköy,16688
Beykoz,Beykoz Paşabahçe,3670
Beykoz,Beykoz Çiğdem,10916
Beykoz,Beykoz Çubuklu,20186
Beykoz,Beykoz Kanlıca,3874
Beykoz,Beykoz Anadolu Hisarı,2499
Beykoz,Beykoz Göksu,2300
Beykoz,Beykoz Yeni Mahalle,19236
Beykoz,Beykoz Göztepe,9652
Beykoz,Beykoz Kavacık,22219
Beykoz,Beykoz Rüzgarlıbahçe,7995
Beykoz,Beykoz Soğuksu,10861
Beykoz,Beykoz Acarlar,8402
Beykoz,Beykoz Merkez,5838
Beykoz,Beykoz Yalıköy,5158
Beykoz,Beykoz Çamlıbahçe,6150
Beykoz,Beykoz Ortaçeşme,7744
Beykoz,Beykoz Tokatköy,13641
Beykoz,Beykoz Anadolu Kavağı,1528
Beykoz,Beykoz Baklacı,3122
Beykoz,Beykoz Çengeldere,5420
Beykoz,Beykoz Çiftlik,5591
Beykoz,Beykoz Fatih,4189
Beykoz,Beykoz Yavuz Selim,5464
Beykoz,Beykoz Akbaba,2709
Beykoz,Beykoz Alibahadır,782
Beykoz,Beykoz Anadolufeneri,688
Beykoz,Beykoz Riva,3266
Beykoz,Beykoz Dereseki,1677
Beykoz,Beykoz Elmalı,3144
Beykoz,Beykoz Görele,2076
Beykoz,Beykoz Kaynarca,846
Beykoz,Beykoz Polonezköy,411
Beykoz,Beykoz Poyrazköy,890
Beykoz,Beykoz Örnekköy,4156
Beykoz,Beykoz Mahmutşevketpaşa,1840
Beykoz,Beykoz Bozhane,467
Beykoz,Beykoz Cumhuriyet,1996
Beykoz,Beykoz Göllü,255
Beykoz,Beykoz İshaklı,1389
Beykoz,Beykoz Kılıçlı,551
Beykoz,Beykoz Öğümce,481
Beykoz,Beykoz Paşamandıra,1353
Beykoz,Beykoz Zerzavatçı,1117
Beylikdüzü,Beylikdüzü Gürpınar,20533
Beylikdüzü,Beylikdüzü Adnan Kahveci,110619
Beylikdüzü,Beylikdüzü Dereağzı,20165
Beylikdüzü,Beylikdüzü Kavaklı,59873
Beylikdüzü,Beylikdüzü Cumhuriyet,24787
Beylikdüzü,Beylikdüzü Barış,56586
Beylikdüzü,Beylikdüzü Sahil,6887
Beylikdüzü,Beylikdüzü Büyükşehir,21257
Beylikdüzü,Beylikdüzü Marmara,31643
Beylikdüzü,Beylikdüzü Yakuplu,56997
Beylikdüzü,Beylikdüzü Yakuplu,56997
Beyoğlu,Beyoğlu Fetihtepe,12436
Beyoğlu,Beyoğlu Piyalepaşa,20794
Beyoğlu,Beyoğlu Kaptanpaşa,18845
Beyoğlu,Beyoğlu Yenişehir,5331
Beyoğlu,Beyoğlu Kulaksız,9038
Beyoğlu,Beyoğlu Kadımehmet Efendi,9061
Beyoğlu,Beyoğlu Küçük Piyale,8634
Beyoğlu,Beyoğlu Emekyemez,166
Beyoğlu,Beyoğlu Kalyoncu Kulluğu,2485
Beyoğlu,Beyoğlu Kamer Hatun,692
Beyoğlu,Beyoğlu Hüseyinağa,562
Beyoğlu,Beyoğlu Şehit Muhtar,1170
Beyoğlu,Beyoğlu Katipmustafa Çelebi,795
Beyoğlu,Beyoğlu Cihangir,3319
Beyoğlu,Beyoğlu Firuzağa,3670
Beyoğlu,Beyoğlu Kocatepe,1424
Beyoğlu,Beyoğlu Gümüşsuyu,1898
Beyoğlu,Beyoğlu İstiklal,5036
Beyoğlu,Beyoğlu Hacıahmet,15173
Beyoğlu,Beyoğlu Asmalı Mescit,422
Beyoğlu,Beyoğlu Evliya Çelebi,247
Beyoğlu,Beyoğlu Çatma Mescit,2046
Beyoğlu,Beyoğlu Şahkulu,671
Beyoğlu,Beyoğlu Hacımimi,1228
Beyoğlu,Beyoğlu Müeyyetzade,474
Beyoğlu,Beyoğlu Tomtom,2388
Beyoğlu,Beyoğlu Kuloğlu,1421
Beyoğlu,Beyoğlu Sururi Mehmet Efendi,3987
Beyoğlu,Beyoğlu Yahya Kahya,3420
Beyoğlu,Beyoğlu Bostan,1951
Beyoğlu,Beyoğlu Bülbül,2880
Beyoğlu,Beyoğlu Çukur,1931
Beyoğlu,Beyoğlu Ömer Avni,1985
Beyoğlu,Beyoğlu Pürtelaş Hasan Efendi,1795
Beyoğlu,Beyoğlu Kılıçali Paşa,2241
Beyoğlu,Beyoğlu Kemankeş Karamustafapaşa,96
Beyoğlu,Beyoğlu Bereketzade,402
Beyoğlu,Beyoğlu Arap Cami,97
Beyoğlu,Beyoğlu Bedrettin,603
Beyoğlu,Beyoğlu Camiikebir,2586
Beyoğlu,Beyoğlu Keçeci Piri,13804
Beyoğlu,Beyoğlu Piripaşa,15429
Beyoğlu,Beyoğlu Halıcıoğlu,12377
Beyoğlu,Beyoğlu Örnektepe,11041
Beyoğlu,Beyoğlu Sütlüce,12538
Büyükçekmece,Büyükçekmece Alkent 2000,7737
Büyükçekmece,Büyükçekmece Atatürk,16910
Büyükçekmece,Büyükçekmece Cumhuriyet,8485
Büyükçekmece,Büyükçekmece Dizdariye,6476
Büyükçekmece,Büyükçekmece Fatih,18714
Büyükçekmece,Büyükçekmece Karaağaç,5481
Büyükçekmece,Büyükçekmece 19 Mayıs Mahallesi,8266
Büyükçekmece,Büyükçekmece Pınartepe,22976
Büyükçekmece,Büyükçekmece Bahçelievler,4318
Büyükçekmece,Büyükçekmece Güzelce,10211
Büyükçekmece,Büyükçekmece Kumburgaz,9117
Büyükçekmece,Büyükçekmece Yenimahalle,2450
Büyükçekmece,Büyükçekmece Ekinoba,14771
Büyükçekmece,Büyükçekmece Mimar Sinan,9182
Büyükçekmece,Büyükçekmece Murat Çesme,18613
Büyükçekmece,Büyükçekmece Hürriyet,22809
Büyükçekmece,Büyükçekmece Ulus,16582
Büyükçekmece,Büyükçekmece Ahmediye,1099
Büyükçekmece,Büyükçekmece Türkoba,15142
Büyükçekmece,Büyükçekmece Celaliye,7206
Büyükçekmece,Büyükçekmece Kamiloba,8901
Büyükçekmece,Büyükçekmece Çakmaklı,5218
Büyükçekmece,Büyükçekmece Sinanoba,15790
Büyükçekmece,Büyükçekmece Mimaroba,20118
Çatalca,Çatalca Ferhatpaşa,28128
Çatalca,Çatalca Kaleiçi,7495
Çatalca,Çatalca Çakıl,2700
Çatalca,Çatalca İzzettin,1333
Çatalca,Çatalca Ovayenice,1196
Çatalca,Çatalca Bahşayiş,429
Çatalca,Çatalca Atatürk,1456
Çatalca,Çatalca Fatih,1431
Çatalca,Çatalca Muratbey Merkez,1407
Çatalca,Çatalca Nakkaş,831
Çatalca,Çatalca Karacaköy Merkez,2534
Çatalca,Çatalca Çiftlikköy,1932
Çatalca,Çatalca Ferhatpaşa,28128
Çatalca,Çatalca Akalan,1171
Çatalca,Çatalca Aydınlar,864
Çatalca,Çatalca Çanakça,2962
Çatalca,Çatalca Dağyenice,801
Çatalca,Çatalca Elbasan,647
Çatalca,Çatalca Gökçeali,2070
Çatalca,Çatalca Gümüşpınar,941
Çatalca,Çatalca Hallaçlı,1578
Çatalca,Çatalca İhsaniye,1826
Çatalca,Çatalca İnceğiz,1107
Çatalca,Çatalca Kabakça,1974
Çatalca,Çatalca Kalfa,875
Çatalca,Çatalca Kestanelik,2446
Çatalca,Çatalca Kızılcaali,206
Çatalca,Çatalca Oklalı,1506
Çatalca,Çatalca Örcünlü,495
Çatalca,Çatalca Örencik,1034
Çatalca,Çatalca Subaşı,1517
Çatalca,Çatalca Yaylacık,58
Çatalca,Çatalca Yazlık,342
Çatalca,Çatalca Başak,424
Çatalca,Çatalca Belgrat,388
Çatalca,Çatalca Celepköy,301
Çatalca,Çatalca Hisarbeyli,363
Çatalca,Çatalca Karamandere,621
Çatalca,Çatalca Ormanlı,1119
Çatalca,Çatalca Yalıköy,1499
Çekmeköy,Çekmeköy Alemdağ,10004
Çekmeköy,Çekmeköy Çatalmeşe,14330
Çekmeköy,Çekmeköy Ekşioğlu,9396
Çekmeköy,Çekmeköy Nişantepe,12476
Çekmeköy,Çekmeköy Çamlık,20349
Çekmeköy,Çekmeköy Hamidiye,29629
Çekmeköy,Çekmeköy Mehmet Akif,32116
Çekmeköy,Çekmeköy Merkez,31764
Çekmeköy,Çekmeköy Mimar Sinan,26319
Çekmeköy,Çekmeköy Ömerli,5614
Çekmeköy,Çekmeköy Sultançiftliği,19646
Çekmeköy,Çekmeköy Taşdelen,11954
Çekmeköy,Çekmeköy Aydınlar,19841
Çekmeköy,Çekmeköy Soğukpınar,10467
Çekmeköy,Çekmeköy Güngören,11917
Çekmeköy,Çekmeköy Cumhuriyet,17209
Çekmeköy,Çekmeköy Kirazlıdere,10522
Çekmeköy,Çekmeköy Hüseyinli,892
Çekmeköy,Çekmeköy Koçullu,1395
Çekmeköy,Çekmeköy Reşadiye,2783
Çekmeköy,Çekmeköy Sırapınar,1183
Esenler,Esenler Çifte Havuzlar,2205
Esenler,Esenler Mimar Sinan,13216
Esenler,Esenler Davutpaşa,15757
Esenler,Esenler Nine Hatun,40028
Esenler,Esenler Namık Kemal,15817
Esenler,Esenler Fevzi Çakmak,31081
Esenler,Esenler Kazım Karabekir,34092
Esenler,Esenler Menderes,30888
Esenler,Esenler Birlik,26216
Esenler,Esenler Yavuz Selim,3517
Esenler,Esenler Fatih,41515
Esenler,Esenler Tuna,31762
Esenler,Esenler Kemer,21554
Esenler,Esenler Turgut Reis,43970
Esenler,Esenler Havaalanı,33452
Esenler,Esenler Oruçreis,34657
Esenler,Esenler Oruçreis,34657
Esenyurt,Esenyurt Fatih,27410
Esenyurt,Esenyurt İncirtepe,27768
Esenyurt,Esenyurt İnönü,26342
Esenyurt,Esenyurt Mehterçeşme,36983
Esenyurt,Esenyurt Bağlarçeşme,31992
Esenyurt,Esenyurt Namık Kemal,23165
Esenyurt,Esenyurt Örnek,20204
Esenyurt,Esenyurt Saadetdere,24043
Esenyurt,Esenyurt Talatpaşa,28349
Esenyurt,Esenyurt Yenikent,23433
Esenyurt,Esenyurt Ardıçlı,7795
Esenyurt,Esenyurt Esenkent,9493
Esenyurt,Esenyurt Orhan Gazi,17250
Esenyurt,Esenyurt Pınar,42031
Esenyurt,Esenyurt Cumhuriyet,14340
Esenyurt,Esenyurt Yeşilkent,35687
Esenyurt,Esenyurt İstiklal,18990
Esenyurt,Esenyurt Akçaburgaz,25719
Esenyurt,Esenyurt Atatürk,15527
Esenyurt,Esenyurt Güzelyurt,17277
Esenyurt,Esenyurt Osmangazi,30991
Esenyurt,Esenyurt Hürriyet,28368
Esenyurt,Esenyurt Necip Fazıl Kısakürek,20291
Esenyurt,Esenyurt Piri Reis,15747
Esenyurt,Esenyurt Barbaros Hayrettin Paşa,27467
Esenyurt,Esenyurt Gökevler,15726
Esenyurt,Esenyurt Mevlana,14715
Esenyurt,Esenyurt Mehmet Akif Ersoy,25924
Esenyurt,Esenyurt Üçevler,27294
Esenyurt,Esenyurt Akevler,12265
Esenyurt,Esenyurt Zafer,21652
Esenyurt,Esenyurt Turgut Özal,26897
Esenyurt,Esenyurt Akşemseddin,7919
Esenyurt,Esenyurt Yunus Emre,22674
Esenyurt,Esenyurt Sultaniye,21429
Esenyurt,Esenyurt Balıkyolu,29851
Esenyurt,Esenyurt Süleymaniye,34454
Esenyurt,Esenyurt Çınar,31425
Esenyurt,Esenyurt Selahaddin Eyyubi,29545
Esenyurt,Esenyurt Aşık Veysel,15631
Esenyurt,Esenyurt Koza,8744
Esenyurt,Esenyurt Şehitler,17141
Esenyurt,Esenyurt Battalgazi,18059
Eyüpsultan,Eyüpsultan Akşemsettin,38703
Eyüpsultan,Eyüpsultan Alibeyköy,13062
Eyüpsultan,Eyüpsultan Çırçır,37211
Eyüpsultan,Eyüpsultan Defterdar,4438
Eyüpsultan,Eyüpsultan Düğmeciler,17772
Eyüpsultan,Eyüpsultan Emniyettepe,10787
Eyüpsultan,Eyüpsultan Esentepe,22237
Eyüpsultan,Eyüpsultan Merkez,11951
Eyüpsultan,Eyüpsultan Güzeltepe,33502
Eyüpsultan,Eyüpsultan İslambey,16404
Eyüpsultan,Eyüpsultan Karadolap,31715
Eyüpsultan,Eyüpsultan Mimar Sinan,6622
Eyüpsultan,Eyüpsultan Mithatpaşa,8560
Eyüpsultan,Eyüpsultan Nişancı,15581
Eyüpsultan,Eyüpsultan Rami Cuma,14670
Eyüpsultan,Eyüpsultan Rami Yeni,15088
Eyüpsultan,Eyüpsultan Sakarya,11026
Eyüpsultan,Eyüpsultan Silahtarağa,10120
Eyüpsultan,Eyüpsultan Topçular,5160
Eyüpsultan,Eyüpsultan Yeşilpınar,37952
Eyüpsultan,Eyüpsultan Göktürk Merkez,39107
Eyüpsultan,Eyüpsultan Alibeyköy,13062
Eyüpsultan,Eyüpsultan Ağaçlı,694
Eyüpsultan,Eyüpsultan Akpınar,1087
Eyüpsultan,Eyüpsultan Çiftalan,185
Eyüpsultan,Eyüpsultan Işıklar,574
Eyüpsultan,Eyüpsultan İhsaniye,186
Eyüpsultan,Eyüpsultan Odayeri,216
Eyüpsultan,Eyüpsultan Pirinççi,3505
Fatih,Fatih Alemdar,312
Fatih,Fatih Balabanağa,110
Fatih,Fatih Beyazıt,52
Fatih,Fatih Binbirdirek,1414
Fatih,Fatih Cankurtaran,1033
Fatih,Fatih Demirtaş,274
Fatih,Fatih Emin Sinan,870
Fatih,Fatih Hacı Kadın,226
Fatih,Fatih Hobyar,94
Fatih,Fatih Hoca Gıyasettin,453
Fatih,Fatih Hocapaşa,288
Fatih,Fatih Kemalpaşa,382
Fatih,Fatih Kalenderhane,2049
Fatih,Fatih Katip Kasım,1354
Fatih,Fatih Küçük Ayasofya,1607
Fatih,Fatih Mercan,43
Fatih,Fatih Mesihpaşa,96
Fatih,Fatih Mimar Hayrettin,488
Fatih,Fatih Mimar Kemalettin,173
Fatih,Fatih Molla Fenari,102
Fatih,Fatih Molla Hüsrev,856
Fatih,Fatih Muhsine Hatun,1403
Fatih,Fatih Nişanca,4081
Fatih,Fatih Rüstempaşa,20
Fatih,Fatih Saraç İshak,864
Fatih,Fatih Yavuz Sinan,253
Fatih,Fatih Sultan Ahmet,492
Fatih,Fatih Sururi,38
Fatih,Fatih Süleymaniye,655
Fatih,Fatih Şehsuvar Bey,1835
Fatih,Fatih Tahtakale,15
Fatih,Fatih Taya Hatun,88
Fatih,Fatih Yavuz Sinan,253
Fatih,Fatih Seyyid Ömer,23727
Fatih,Fatih Koca Mustafapaşa,18589
Fatih,Fatih İskenderpaşa,11227
Fatih,Fatih Derviş Ali,16810
Fatih,Fatih Aksaray,7977
Fatih,Fatih Cerrahpaşa,7478
Fatih,Fatih Haseki Sultan,8653
Fatih,Fatih Yedikule,15521
Fatih,Fatih Sümbül Efendi,15522
Fatih,Fatih Silivrikapı,15080
Fatih,Fatih Şehremini,19271
Fatih,Fatih Mevlanakapı,17606
Fatih,Fatih Topkapı,9996
Fatih,Fatih Molla Gürani,11713
Fatih,Fatih Akşemsettin,18622
Fatih,Fatih Hırka-İ Şerif,20523
Fatih,Fatih Karagümrük,10430
Fatih,Fatih Atikali,13319
Fatih,Fatih Ali Kuşçu,9482
Fatih,Fatih Zeyrek,12611
Fatih,Fatih Cibali,7199
Fatih,Fatih Yavuz Sultan Selim,16138
Fatih,Fatih Balat,11180
Fatih,Fatih Ayvansaray,15323
Gaziosmanpaşa,Gaziosmanpaşa Yıldıztabya,24501
Gaziosmanpaşa,Gaziosmanpaşa Pazariçi,12194
Gaziosmanpaşa,Gaziosmanpaşa Karlıtepe,19129
Gaziosmanpaşa,Gaziosmanpaşa Yenidoğan,7659
Gaziosmanpaşa,Gaziosmanpaşa Sarıgöl,25175
Gaziosmanpaşa,Gaziosmanpaşa Bağlarbaşı,28396
Gaziosmanpaşa,Gaziosmanpaşa Merkez,30130
Gaziosmanpaşa,Gaziosmanpaşa Şemsipaşa,24712
Gaziosmanpaşa,Gaziosmanpaşa Fevzi Çakmak,23155
Gaziosmanpaşa,Gaziosmanpaşa Hürriyet,27123
Gaziosmanpaşa,Gaziosmanpaşa Barbaros Hayrettin Paşa,48164
Gaziosmanpaşa,Gaziosmanpaşa Yeni Mahalle,35925
Gaziosmanpaşa,Gaziosmanpaşa Kazım Karabekir,43578
Gaziosmanpaşa,Gaziosmanpaşa Mevlana,23380
Gaziosmanpaşa,Gaziosmanpaşa Karayolları,39247
Gaziosmanpaşa,Gaziosmanpaşa Karadeniz,71362
Güngören,Güngören Merkez,42649
Güngören,Güngören Akıncılar,19325
Güngören,Güngören Gençosman,41108
Güngören,Güngören Güneştepe,47638
Güngören,Güngören Güven,15659
Güngören,Güngören Haznedar,19433
Güngören,Güngören Mareşal Çakmak,29073
Güngören,Güngören Sanayi,12116
Güngören,Güngören Abdurrahman Nafiz Gürman,20854
Güngören,Güngören Tozkoparan,13563
Güngören,Güngören Mehmet Nesih Özmen,8526
Kadıköy,Kadıköy Rasimpaşa,12341
Kadıköy,Kadıköy Koşuyolu,6739
Kadıköy,Kadıköy Acıbadem,28801
Kadıköy,Kadıköy Hasanpaşa,16310
Kadıköy,Kadıköy Osmanağa,7728
Kadıköy,Kadıköy Caferağa,21421
Kadıköy,Kadıköy Zühtüpaşa,8155
Kadıköy,Kadıköy Fenerbahçe,20872
Kadıköy,Kadıköy Feneryolu,25626
Kadıköy,Kadıköy Eğitim,13559
Kadıköy,Kadıköy Fikirtepe,12235
Kadıköy,Kadıköy Dumlupınar,10081
Kadıköy,Kadıköy Merdivenköy,31214
Kadıköy,Kadıköy Göztepe,39341
Kadıköy,Kadıköy Caddebostan,20170
Kadıköy,Kadıköy Suadiye,26428
Kadıköy,Kadıköy Bostancı,32666
Kadıköy,Kadıköy Erenköy,34684
Kadıköy,Kadıköy Sahrayıcedit,30259
Kadıköy,Kadıköy 19 Mayıs Mahallesi,32164
Kadıköy,Kadıköy Kozyatağı,37125
Kağıthane,Kağıthane Çağlayan,30794
Kağıthane,Kağıthane Çeliktepe,32076
Kağıthane,Kağıthane Emniyet Evleri,8489
Kağıthane,Kağıthane Gültepe,13974
Kağıthane,Kağıthane Gürsel,29851
Kağıthane,Kağıthane Harmantepe,21244
Kağıthane,Kağıthane Hamidiye,40304
Kağıthane,Kağıthane Hürriyet,20364
Kağıthane,Kağıthane Merkez,33584
Kağıthane,Kağıthane Mehmet Akif Ersoy,12394
Kağıthane,Kağıthane Nurtepe,26556
Kağıthane,Kağıthane Ortabayır,22039
Kağıthane,Kağıthane Sultan Selim,35385
Kağıthane,Kağıthane Seyrantepe,23565
Kağıthane,Kağıthane Şirintepe,21986
Kağıthane,Kağıthane Talatpaşa,33116
Kağıthane,Kağıthane Telsizler,11334
Kağıthane,Kağıthane Yahya Kemal,16680
Kağıthane,Kağıthane Yeşilce,11937
Kartal,Kartal Atalar,31376
Kartal,Kartal Cevizli,25917
Kartal,Kartal Cumhuriyet,23223
Kartal,Kartal Yakacık Çarşı,18073
Kartal,Kartal Çavuşoğlu,14918
Kartal,Kartal Esentepe,29922
Kartal,Kartal Gümüşpınar,26500
Kartal,Kartal Hürriyet,50227
Kartal,Kartal Karlıktepe,33536
Kartal,Kartal Kordonboyu,13145
Kartal,Kartal Orhantepe,25281
Kartal,Kartal Orta,18173
Kartal,Kartal Petrol İş,29041
Kartal,Kartal Soğanlık Yeni,28740
Kartal,Kartal Topselvi,12632
Kartal,Kartal Uğur Mumcu,40257
Kartal,Kartal Yakacık Yeni,19176
Kartal,Kartal Yalı,12470
Kartal,Kartal Yukarı,7342
Kartal,Kartal Yunus,15093
Küçükçekmece,Küçükçekmece Atakent,102743
Küçükçekmece,Küçükçekmece Mehmet Akif,52963
Küçükçekmece,Küçükçekmece Söğütlü Çeşme,33808
Küçükçekmece,Küçükçekmece Kartaltepe,15193
Küçükçekmece,Küçükçekmece Gültepe,29514
Küçükçekmece,Küçükçekmece Halkalı Merkez,80017
Küçükçekmece,Küçükçekmece Atatürk,42447
Küçükçekmece,Küçükçekmece İnönü,72334
Küçükçekmece,Küçükçekmece Tevfikbey,35463
Küçükçekmece,Küçükçekmece Kemalpaşa,14519
Küçükçekmece,Küçükçekmece Sultan Murat,15608
Küçükçekmece,Küçükçekmece Fevzi Çakmak,26550
Küçükçekmece,Küçükçekmece Yarımburgaz,8998
Küçükçekmece,Küçükçekmece Yeni Mahalle,20389
Küçükçekmece,Küçükçekmece Cumhuriyet,53292
Küçükçekmece,Küçükçekmece Yeşilova,32673
Küçükçekmece,Küçükçekmece Beşyol,3448
Küçükçekmece,Küçükçekmece Kanarya,69635
Küçükçekmece,Küçükçekmece İstasyon,42508
Küçükçekmece,Küçükçekmece Fatih,10880
Küçükçekmece,Küçükçekmece Cennet,29042
Küçükçekmece,Küçükçekmece Atatürk,42447
Maltepe,Maltepe Çınar,20358
Maltepe,Maltepe İdealtepe,24509
Maltepe,Maltepe Feyzullah,20169
Maltepe,Maltepe Küçükyalı Merkez,25473
Maltepe,Maltepe Altayçeşme,32285
Maltepe,Maltepe Altıntepe,31076
Maltepe,Maltepe Cevizli,40485
Maltepe,Maltepe Bağlarbaşı,41543
Maltepe,Maltepe Yalı,12740
Maltepe,Maltepe Aydınevler,21292
Maltepe,Maltepe Girne,19318
Maltepe,Maltepe Fındıklı,63858
Maltepe,Maltepe Esenkent,18248
Maltepe,Maltepe Gülsuyu,14750
Maltepe,Maltepe Gülensu,13957
Maltepe,Maltepe Zümrütevler,87241
Maltepe,Maltepe Büyükbakkalköy,10219
Maltepe,Maltepe Başıbüyük,25616
Pendik,Pendik Dumlupınar,26800
Pendik,Pendik Doğu,15284
Pendik,Pendik Bahçelievler,12582
Pendik,Pendik Fevzi Çakmak,37995
Pendik,Pendik Şeyhli,19298
Pendik,Pendik Kaynarca,46608
Pendik,Pendik Ahmet Yesevi,30302
Pendik,Pendik Batı,13360
Pendik,Pendik Güzelyalı,33881
Pendik,Pendik Ertuğrul Gazi,12731
Pendik,Pendik Harmandere,9579
Pendik,Pendik Sapan Bağları,12271
Pendik,Pendik Esenler,33365
Pendik,Pendik Ramazanoğlu,2470
Pendik,Pendik Güllü Bağlar,18633
Pendik,Pendik Yayalar,13275
Pendik,Pendik Velibaba,41421
Pendik,Pendik Esenyalı,14052
Pendik,Pendik Çınardere,20591
Pendik,Pendik Orta,3414
Pendik,Pendik Kavakpınar,65394
Pendik,Pendik Fatih,21096
Pendik,Pendik Yeşilbağlar,6794
Pendik,Pendik Çamçeşme,31931
Pendik,Pendik Orhangazi,28121
Pendik,Pendik Sanayi,3003
Pendik,Pendik Yeni,16138
Pendik,Pendik Yenişehir,65548
Pendik,Pendik Kurtköy,37886
Pendik,Pendik Sülüntepe,25426
Pendik,Pendik Çamlık,20387
Pendik,Pendik Ballıca,619
Pendik,Pendik Emirli,245
Pendik,Pendik Göçbeyli,1446
Pendik,Pendik Kurna,1151
Pendik,Pendik Kurtdoğmuş,677
Sancaktepe,Sancaktepe Veysel Karani,26110
Sancaktepe,Sancaktepe Akpınar,24321
Sancaktepe,Sancaktepe Fatih,37572
Sancaktepe,Sancaktepe Eyüp Sultan,23604
Sancaktepe,Sancaktepe Abdurrahmangazi,46347
Sancaktepe,Sancaktepe Osmangazi,51200
Sancaktepe,Sancaktepe Emek,27107
Sancaktepe,Sancaktepe İnönü,24202
Sancaktepe,Sancaktepe Kemal Türkler,22357
Sancaktepe,Sancaktepe Meclis,27287
Sancaktepe,Sancaktepe Sarıgazi,23592
Sancaktepe,Sancaktepe Safa,24441
Sancaktepe,Sancaktepe Yunus Emre,27833
Sancaktepe,Sancaktepe Mevlana,21658
Sancaktepe,Sancaktepe Yenidoğan,24576
Sancaktepe,Sancaktepe Merve,21172
Sancaktepe,Sancaktepe Hilal,5906
Sancaktepe,Sancaktepe Atatürk,31758
Sancaktepe,Sancaktepe Paşaköy,1761
Sarıyer,Sarıyer Baltalimanı,5051
Sarıyer,Sarıyer Büyükdere,8366
Sarıyer,Sarıyer Cumhuriyet,10750
Sarıyer,Sarıyer Çamlıtepe,5725
Sarıyer,Sarıyer Çayırbaşı,4815
Sarıyer,Sarıyer Darüşşafaka,8555
Sarıyer,Sarıyer Emirgan,8111
Sarıyer,Sarıyer Fatih Sultan Mehmet,15708
Sarıyer,Sarıyer Ferahevler,15233
Sarıyer,Sarıyer İstinye,15584
Sarıyer,Sarıyer Kazım Karabekir Paşa,7877
Sarıyer,Sarıyer Kireçburnu,6598
Sarıyer,Sarıyer Kocataş,4479
Sarıyer,Sarıyer Maden,14220
Sarıyer,Sarıyer Sarıyer Merkez,11734
Sarıyer,Sarıyer Pınar,10864
Sarıyer,Sarıyer Poligon,6317
Sarıyer,Sarıyer Ptt Evleri,5192
Sarıyer,Sarıyer Reşitpaşa,17668
Sarıyer,Sarıyer Rumeli Hisarı,9644
Sarıyer,Sarıyer Rumeli Kavağı,3659
Sarıyer,Sarıyer Tarabya,17605
Sarıyer,Sarıyer Sarıyer Yenimahalle,3284
Sarıyer,Sarıyer Yeniköy,14712
Sarıyer,Sarıyer Bahçeköy Merkez,3596
Sarıyer,Sarıyer Bahçeköy Yenimahalle,4971
Sarıyer,Sarıyer Bahçeköy Kemer,2244
Sarıyer,Sarıyer Ayazağa,35376
Sarıyer,Sarıyer Huzur,8204
Sarıyer,Sarıyer Maslak,12069
Sarıyer,Sarıyer Demirciköy,1683
Sarıyer,Sarıyer Garipçe,380
Sarıyer,Sarıyer Gümüşdere,2673
Sarıyer,Sarıyer Kısırkaya,367
Sarıyer,Sarıyer Kumköy (Kilyos),3973
Sarıyer,Sarıyer Rumelifeneri,4516
Sarıyer,Sarıyer Uskumruköy,9920
Sarıyer,Sarıyer Zekeriyaköy,22527
Silivri,Silivri Fatih,6796
Silivri,Silivri Piri Mehmet Paşa,8068
Silivri,Silivri Alibey,17666
Silivri,Silivri Yeni,45189
Silivri,Silivri Cumhuriyet,9285
Silivri,Silivri Mimar Sinan,27684
Silivri,Silivri Küçük Kılıçlı,322
Silivri,Silivri Gazitepe,1258
Silivri,Silivri Semizkumlar,27901
Silivri,Silivri Alipaşa,1020
Silivri,Silivri Çanta Balaban,4366
Silivri,Silivri Çanta Sancaktepe,6217
Silivri,Silivri Yolçatı,402
Silivri,Silivri Değirmenköy Fevzipaşa,3506
Silivri,Silivri Değirmenköy İsmetpaşa,3325
Silivri,Silivri Gümüşyaka,9555
Silivri,Silivri Kavaklı İstiklal,1995
Silivri,Silivri Kavaklı Hürriyet,1765
Silivri,Silivri Ortaköy,4224
Silivri,Silivri Kadıköy,1450
Silivri,Silivri Selimpaşa,23963
Silivri,Silivri Büyük Çavuşlu,3235
Silivri,Silivri Akören,1463
Silivri,Silivri Çeltik,1048
Silivri,Silivri Fener,1505
Silivri,Silivri Seymen,1045
Silivri,Silivri Büyük Sinekli,441
Silivri,Silivri Bekirli,227
Silivri,Silivri Beyciler,1386
Silivri,Silivri Büyük Kılıçlı,1259
Silivri,Silivri Çayırdere,1417
Silivri,Silivri Danamandıra,1118
Silivri,Silivri Kurfallı,552
Silivri,Silivri Küçük Sinekli,145
Silivri,Silivri Sayalar,925
Sultanbeyli,Sultanbeyli Ahmet Yesevi,29766
Sultanbeyli,Sultanbeyli Adil,33963
Sultanbeyli,Sultanbeyli Battalgazi,38294
Sultanbeyli,Sultanbeyli Mecidiye,21799
Sultanbeyli,Sultanbeyli Mimar Sinan,25088
Sultanbeyli,Sultanbeyli Turgut Reis,19791
Sultanbeyli,Sultanbeyli Hasanpaşa,17271
Sultanbeyli,Sultanbeyli Abdurrahmangazi,27696
Sultanbeyli,Sultanbeyli Mehmet Akif,27430
Sultanbeyli,Sultanbeyli Fatih,20910
Sultanbeyli,Sultanbeyli Hamidiye,26402
Sultanbeyli,Sultanbeyli Yavuz Selim,20172
Sultanbeyli,Sultanbeyli Necip Fazıl,22120
Sultanbeyli,Sultanbeyli Orhangazi,16439
Sultanbeyli,Sultanbeyli Akşemsettin,13561
Sultangazi,Sultangazi Eski Habipler,13292
Sultangazi,Sultangazi Yayla,7922
Sultangazi,Sultangazi Cumhuriyet,13940
Sultangazi,Sultangazi Yunus Emre,52156
Sultangazi,Sultangazi 75. Yıl,31741
Sultangazi,Sultangazi Zübeyde Hanım,31580
Sultangazi,Sultangazi Gazi,34742
Sultangazi,Sultangazi Esentepe,62993
Sultangazi,Sultangazi 50. Yıl,70243
Sultangazi,Sultangazi Sultançiftliği,37503
Sultangazi,Sultangazi Uğur Mumcu,41273
Sultangazi,Sultangazi Cebeci,59846
Sultangazi,Sultangazi İsmetpaşa,54484
Sultangazi,Sultangazi Malkoçoğlu,13197
Sultangazi,Sultangazi Habibler,7890
Şile,Şile Kumbaba,1570
Şile,Şile Hacı Kasım,1020
Şile,Şile Çavuş,12337
Şile,Şile Balibey,3950
Şile,Şile Ağva Merkez,2170
Şile,Şile Ahmetli,2984
Şile,Şile Akçakese,524
Şile,Şile Bozgoca,121
Şile,Şile Çayırbaşı,1309
Şile,Şile Darlık,197
Şile,Şile Erenler,145
Şile,Şile İmrendere,429
Şile,Şile İmrenli,428
Şile,Şile Kabakoz,755
Şile,Şile Karabeyli,250
Şile,Şile Karacaköy,336
Şile,Şile Karamandere,372
Şile,Şile Kızılca,662
Şile,Şile Korucu,247
Şile,Şile Meşrutiyet,2420
Şile,Şile Ovacık,182
Şile,Şile Satmazlı,546
Şile,Şile Yeniköy,475
Şile,Şile Bucaklı,379
Şile,Şile Çataklı,251
Şile,Şile Çelebi,337
Şile,Şile Geredeli,744
Şile,Şile Göçe,843
Şile,Şile Gökmaşlı,235
Şile,Şile Göksu,303
Şile,Şile Hacıllı,273
Şile,Şile İsaköy,353
Şile,Şile Kadıköy,374
Şile,Şile Kalem,350
Şile,Şile Kurfallı,336
Şile,Şile Soğullu,201
Şile,Şile Şuayipli,308
Şile,Şile Teke,509
Şile,Şile Ağaçdere,124
Şile,Şile Çengilli,216
Şile,Şile Değirmençayırı,638
Şile,Şile Hasanlı,291
Şile,Şile Osmanköy,302
Şile,Şile Sortullu,173
Şile,Şile Yaka,452
Şile,Şile Yaylalı,83
Şile,Şile Yazımanayır,210
Şile,Şile Yeşilvadi,401
Şile,Şile Alacalı,682
Şile,Şile Avcıkoru,154
Şile,Şile Bıçkıdere,432
Şile,Şile Doğancılı,874
Şile,Şile Esenceli,111
Şile,Şile Karakiraz,321
Şile,Şile Kervansaray,529
Şile,Şile Kömürlük,252
Şile,Şile Kurna,273
Şile,Şile Oruçoğlu,524
Şile,Şile Sahilköy,1098
Şile,Şile Sofular,355
Şile,Şile Ulupelit,224
Şile,Şile Üvezli,593
Şişli,Şişli 19 Mayıs Mahallesi,10886
Şişli,Şişli Bozkurt,9914
Şişli,Şişli Cumhuriyet,7576
Şişli,Şişli Duatepe,7615
Şişli,Şişli Ergenekon,2254
Şişli,Şişli Esentepe,7006
Şişli,Şişli Eskişehir,11534
Şişli,Şişli Feriköy,13589
Şişli,Şişli Fulya,16666
Şişli,Şişli Gülbahar,23124
Şişli,Şişli Halide Edip Adıvar,16596
Şişli,Şişli Halil Rıfat Paşa,6651
Şişli,Şişli Halaskargazi,1672
Şişli,Şişli Harbiye,2217
Şişli,Şişli Kaptanpaşa,3208
Şişli,Şişli Kuştepe,15567
Şişli,Şişli Mahmut Şevket Paşa,18044
Şişli,Şişli Mecidiyeköy,18893
Şişli,Şişli Merkez,12890
Şişli,Şişli Meşrutiyet,7103
Şişli,Şişli Paşa,18955
Şişli,Şişli Teşvikiye,10735
Şişli,Şişli Yayla,11398
Şişli,Şişli İnönü,3080
Şişli,Şişli İzzet Paşa,7563
Tuzla,Tuzla Aydınlı,69836
Tuzla,Tuzla Aydınlı,69836
Tuzla,Tuzla Yayla,30205
Tuzla,Tuzla İçmeler,10958
Tuzla,Tuzla Aydıntepe,26917
Tuzla,Tuzla Evliya Çelebi,14026
Tuzla,Tuzla Postane,21144
Tuzla,Tuzla Aydınlı,69836
Tuzla,Tuzla Mimar Sinan,27919
Tuzla,Tuzla Şifa,31879
Tuzla,Tuzla İstasyon,24653
Tuzla,Tuzla Cami,5805
Tuzla,Tuzla Akfırat,2753
Tuzla,Tuzla Tepeören,7098
Tuzla,Tuzla Tepeören,7098
Tuzla,Tuzla Orhanlı,1933
Tuzla,Tuzla Orta,11263
Tuzla,Tuzla Anadolu,839
Tuzla,Tuzla Fatih,1148
Tuzla,Tuzla Mescit,5225
Tuzla,Tuzla Aydınlı,69836
Tuzla,Tuzla Aydınlı,69836
Tuzla,Tuzla Aydınlı,69836
Ümraniye,Ümraniye Esenkent,21439
Ümraniye,Ümraniye Atatürk,24104
Ümraniye,Ümraniye Namık Kemal,28491
Ümraniye,Ümraniye İnkılap,34935
Ümraniye,Ümraniye Çakmak,37993
Ümraniye,Ümraniye İstiklal,48047
Ümraniye,Ümraniye Yukarı Dudullu,21532
Ümraniye,Ümraniye Aşağı Dudullu,15040
Ümraniye,Ümraniye Kazım Karabekir,15830
Ümraniye,Ümraniye Hekimbaşı,7355
Ümraniye,Ümraniye Ihlamurkuyu,15903
Ümraniye,Ümraniye Esenşehir,20732
Ümraniye,Ümraniye Atakent,19933
Ümraniye,Ümraniye Adem Yavuz,16766
Ümraniye,Ümraniye Altınşehir,28363
Ümraniye,Ümraniye Armağanevler,39708
Ümraniye,Ümraniye Cemil Meriç,21718
Ümraniye,Ümraniye Çamlık,24097
Ümraniye,Ümraniye Dumlupınar,12024
Ümraniye,Ümraniye Elmalıkent,21956
Ümraniye,Ümraniye Esenevler,26149
Ümraniye,Ümraniye Fatih Sultan Mehmet,4658
Ümraniye,Ümraniye Huzur,12070
Ümraniye,Ümraniye Madenler,15597
Ümraniye,Ümraniye Mehmet Akif,26150
Ümraniye,Ümraniye Necip Fazıl,28327
Ümraniye,Ümraniye Parseller,15821
Ümraniye,Ümraniye Saray,0
Ümraniye,Ümraniye Site,21465
Ümraniye,Ümraniye Şerifali,9502
Ümraniye,Ümraniye Tantavi,11784
Ümraniye,Ümraniye Tatlısu,22972
Ümraniye,Ümraniye Tepeüstü,13449
Ümraniye,Ümraniye Topağacı,13826
Ümraniye,Ümraniye Yamanevler,17889
Ümraniye,Ümraniye Esenkent,21439
Ümraniye,Ümraniye Finanskent,8113
Ümraniye,Ümraniye Yenişehir,0
Üsküdar,Üsküdar Acıbadem,23437
Üsküdar,Üsküdar Altunizade,12397
Üsküdar,Üsküdar Bahçelievler,22909
Üsküdar,Üsküdar Barbaros,16999
Üsküdar,Üsküdar Beylerbeyi,5165
Üsküdar,Üsküdar Bulgurlu,30488
Üsküdar,Üsküdar Burhaniye,16304
Üsküdar,Üsküdar Cumhuriyet,37696
Üsküdar,Üsküdar Ferah,21426
Üsküdar,Üsküdar Güzeltepe,13240
Üsküdar,Üsküdar İcadiye,15762
Üsküdar,Üsküdar Salacak,9350
Üsküdar,Üsküdar Kandilli,1410
Üsküdar,Üsküdar Kirazlıtepe,9355
Üsküdar,Üsküdar Kısıklı,20253
Üsküdar,Üsküdar Kuleli,4142
Üsküdar,Üsküdar Kuzguncuk,3981
Üsküdar,Üsküdar Küçüksu,18514
Üsküdar,Üsküdar Küplüce,16852
Üsküdar,Üsküdar Mehmet Akif Ersoy,19550
Üsküdar,Üsküdar Muratreis,13607
Üsküdar,Üsküdar Selami Ali,13011
Üsküdar,Üsküdar Selimiye,8023
Üsküdar,Üsküdar Ünalan,35654
Üsküdar,Üsküdar Valide-İ Atik,20278
Üsküdar,Üsküdar Yavuztürk,31768
Üsküdar,Üsküdar Ahmediye,8638
Üsküdar,Üsküdar Aziz Mahmut Hüdayi,8608
Üsküdar,Üsküdar Çengelköy,13623
Üsküdar,Üsküdar Küçükçamlıca,10980
Üsküdar,Üsküdar Mimar Sinan,11478
Üsküdar,Üsküdar Sultantepe,10573
Üsküdar,Üsküdar Zeynep Kamil,11877
Zeytinburnu,Zeytinburnu Sümer,38577
Zeytinburnu,Zeytinburnu Nuripaşa,26814
Zeytinburnu,Zeytinburnu Yenidoğan,9900
Zeytinburnu,Zeytinburnu Gökalp,18641
Zeytinburnu,Zeytinburnu Yeşiltepe,20110
Zeytinburnu,Zeytinburnu Veliefendi,24920
Zeytinburnu,Zeytinburnu Çırpıcı,26082
Zeytinburnu,Zeytinburnu Beştelsiz,20590
Zeytinburnu,Zeytinburnu Telsiz,34024
Zeytinburnu,Zeytinburnu Kazlıçeşme,4779
Zeytinburnu,Zeytinburnu Seyitnizam,22096
Zeytinburnu,Zeytinburnu Merkezefendi,24333
Zeytinburnu,Zeytinburnu Maltepe,10030
